{"stats":{"minecraft:used":{"minecraft:flowering_azalea":3,"minecraft:firework_rocket":12,"minecraft:potion":1,"minecraft:elytra":1,"minecraft:andesite":1,"minecraft:quartz_block":1},"minecraft:picked_up":{"minecraft:firework_rocket":1,"minecraft:flowering_azalea":3,"minecraft:elytra":1},"minecraft:custom":{"minecraft:time_since_rest":39551,"minecraft:crouch_one_cm":4546,"minecraft:deaths":1,"minecraft:sprint_one_cm":281394,"minecraft:play_time":87052,"minecraft:damage_taken":740,"minecraft:walk_one_cm":53303,"minecraft:sneak_time":2798,"minecraft:aviate_one_cm":384699,"minecraft:jump":1489,"minecraft:damage_dealt":129,"minecraft:leave_game":8,"minecraft:time_since_death":39525,"minecraft:climb_one_cm":110,"minecraft:total_world_time":94997,"minecraft:talked_to_villager":2,"minecraft:fall_one_cm":22174,"minecraft:fly_one_cm":1151789},"minecraft:mined":{"minecraft:flowering_azalea":3}},"DataVersion":3953}